{
  "L_unified": 10.61800969330376,
  "L_memoryTH": 28.54036366528557,
  "metrics": {
    "veh_share": 0.016249006283203644,
    "veh_iw_mean": 5.0866410151827735,
    "veh_stop_rate": 16.597629701077977,
    "veh_reaction_prob": 0.27813519813519816,
    "veh_reaction_delay_s": 0.6223893333332835,
    "lm_share": 0.02011304229265646,
    "lm_iw_mean": 2.167404339350668,
    "lm_stop_rate": 2.145566922421142,
    "lm_relief_effect": 0.09526867025433362,
    "lm_stop_after_rate": 0.0858226768968457,
    "tac_share": 0.5421965577974456,
    "tac_iw_mean": 1.9557663360255764,
    "tac_stop_rate": 1.2139595754477779,
    "tac_risk_mean": 0.03290760821009799,
    "noref_share": 0.22680219623093856,
    "noref_iw_mean": 2.536888718536963,
    "noref_stop_rate": 8.357859462256663,
    "noref_ep_len": 10.792798325836715,
    "noref_retrieval_per100": 1.3993216915776518,
    "cross_share": 0.2221204823710523,
    "cross_iw_mean": 6.2212830572000275,
    "cross_stop_rate": 26.88179182115018,
    "cross_wait_s": 215.11104000000017
  }
}