{
  "seeds": [
    20270101,
    20270102,
    20270103,
    20270104,
    20270105
  ],
  "n_ok": 5,
  "L_unified": 7.327967537141509,
  "L_memoryTH": 16.909288953318736,
  "metrics": {
    "veh_share": 0.01609085867173775,
    "veh_iw_mean": 3.9393339069896967,
    "veh_stop_rate": 19.9443052074631,
    "veh_reaction_prob": 0.31079365079365073,
    "veh_reaction_delay_s": 0.3354100000000249,
    "lm_share": 0.020140073436119416,
    "lm_iw_mean": 2.142664817696415,
    "lm_stop_rate": 1.9103737604881768,
    "lm_relief_effect": 0.09024003661327232,
    "lm_stop_after_rate": 0.07641495041952709,
    "tac_share": 0.5535266401822674,
    "tac_iw_mean": 1.9446963605642527,
    "tac_stop_rate": 0.7204649486885012,
    "tac_risk_mean": 0.030688239872263583,
    "noref_share": 0.21417927220318916,
    "noref_iw_mean": 2.1212081662250486,
    "noref_stop_rate": 6.465906998259165,
    "noref_ep_len": 10.542208294482384,
    "noref_retrieval_per100": 1.0898562520112602,
    "cross_share": 0.22236168101153378,
    "cross_iw_mean": 3.921833459248616,
    "cross_stop_rate": 26.773865612557728,
    "cross_wait_s": 211.63460000000038
  }
}