{
  "L_default_unified": 14.56239242048895,
  "L_default_memth": 27.109810486487984,
  "rescan": {
    "0.03": [
      376.3030594233606,
      1324.4137336260503
    ],
    "0.04": [
      329.12598309830616,
      1207.665883527146
    ],
    "0.05": [
      148.97258390381387,
      1032.6798740765296
    ],
    "0.06": [
      88.79254088078945,
      3.7402381952486063
    ],
    "0.07": [
      88.79254088078945,
      3.7402381952486063
    ],
    "0.08": [
      88.79254088078945,
      3.7402381952486063
    ]
  },
  "holdout": {
    "theta": [
      3.491578506722189,
      90.93768429887447
    ],
    "default": [
      6.751444509419613,
      26.43982163371659
    ]
  },
  "stability": {
    "MEMORY_ACTIVE_ABSENT_STEPS_TH": 1.0,
    "PROBE_RELIEF_RATIO": 1.0,
    "SEEV_SAFETY_UNIT": 1.0,
    "LANDMARK_DECAY_RATE": 1.0,
    "LOOMING_BOOST_DECAY": 1.0,
    "LOOMING_BOOST_PEAK": 1.0
  },
  "plateau": [
    0.06,
    0.07,
    0.08
  ]
}