{
  "0.2": {
    "MEMORY_ACTIVE_ABSENT_STEPS_TH": {
      "L_star_range": [
        3.231310131909976,
        4.308284128023364
      ],
      "margin_min": 3.032158757700853,
      "margin_max": 4.252907579214507
    },
    "PROBE_RELIEF_RATIO": {
      "L_star_range": [
        3.1442953266496474,
        4.256707266503974
      ],
      "margin_min": 0.0,
      "margin_max": 0.0
    },
    "SEEV_SAFETY_UNIT": {
      "L_star_range": [
        3.2340969007650013,
        4.354956022049426
      ],
      "margin_min": 0.0,
      "margin_max": 0.0
    },
    "LANDMARK_DECAY_RATE": {
      "L_star_range": [
        3.2053183650953314,
        4.259993082069698
      ],
      "margin_min": 2.6109957840418594,
      "margin_max": 3.7201346374266926
    },
    "LOOMING_BOOST_DECAY": {
      "L_star_range": [
        3.2370269179594398,
        4.234739690989726
      ],
      "margin_min": 0.0,
      "margin_max": 0.0
    },
    "LOOMING_BOOST_PEAK": {
      "L_star_range": [
        3.2194092135996915,
        4.379585140334252
      ],
      "margin_min": 0.0,
      "margin_max": 0.0
    }
  },
  "0.5": {
    "MEMORY_ACTIVE_ABSENT_STEPS_TH": {
      "L_star_range": [
        2.3999065811583122,
        5.335278192867814
      ],
      "margin_min": 2.109133819953584,
      "margin_max": 5.266081004122701
    },
    "PROBE_RELIEF_RATIO": {
      "L_star_range": [
        2.194791351574497,
        5.1895105572516185
      ],
      "margin_min": 0.0,
      "margin_max": 0.0
    },
    "SEEV_SAFETY_UNIT": {
      "L_star_range": [
        2.4843710584284797,
        5.292484018304492
      ],
      "margin_min": 0.0,
      "margin_max": 0.0
    },
    "LANDMARK_DECAY_RATE": {
      "L_star_range": [
        2.2929568363877944,
        5.1341601261106335
      ],
      "margin_min": 1.7432409361947894,
      "margin_max": 4.566897516564815
    },
    "LOOMING_BOOST_DECAY": {
      "L_star_range": [
        2.396124905348252,
        5.0276358702310855
      ],
      "margin_min": 0.0,
      "margin_max": 0.0
    },
    "LOOMING_BOOST_PEAK": {
      "L_star_range": [
        2.4054609168574608,
        5.359314243197105
      ],
      "margin_min": 0.0,
      "margin_max": 0.0
    }
  }
}